INSERT INTO Grupp (group_name, date_created) VALUES ('Puppy Pals', '2022-02-01');
INSERT INTO Grupp (group_name, date_created) VALUES ('Kitty Kingdom', '2022-02-03');
INSERT INTO Grupp (group_name, date_created) VALUES ('Bunny Bunch', '2022-02-04');
INSERT INTO Grupp (group_name, date_created) VALUES ('Paw Pals', '2022-02-07');
INSERT INTO Grupp (group_name, date_created) VALUES ('Furry Friends', '2022-02-10');
INSERT INTO Grupp (group_name, date_created) VALUES ('Whisker Warriors', '2022-02-13');
INSERT INTO Grupp (group_name, date_created) VALUES ('Critter Crew', '2022-02-16');
INSERT INTO Grupp (group_name, date_created) VALUES ('Feathered Friends', '2022-02-20');
INSERT INTO Grupp (group_name, date_created) VALUES ('Hound Heroes', '2022-02-23');
INSERT INTO Grupp (group_name, date_created) VALUES ('Feline Fanatics', '2022-02-26');
INSERT INTO Grupp (group_name, date_created) VALUES ('Purrfect Pals', '2022-03-02');
INSERT INTO Grupp (group_name, date_created) VALUES ('Pawsome Pack', '2022-03-06');
INSERT INTO Grupp (group_name, date_created) VALUES ('Squirrel Squad', '2022-03-09');
INSERT INTO Grupp (group_name, date_created) VALUES ('Furry Fury', '2022-03-12');
INSERT INTO Grupp (group_name, date_created) VALUES ('Animal Allies', '2022-03-15');
INSERT INTO Grupp (group_name, date_created) VALUES ('Pet Patrol', '2022-03-18');
INSERT INTO Grupp (group_name, date_created) VALUES ('Little Paws', '2022-03-21');
INSERT INTO Grupp (group_name, date_created) VALUES ('Furry Flock', '2022-03-24');
INSERT INTO Grupp (group_name, date_created) VALUES ('Critter Crusade', '2022-03-27');
INSERT INTO Grupp (group_name, date_created) VALUES ('Pawsitive Pack', '2022-03-30');

INSERT INTO Roles (role_name) VALUES ('Admin');
INSERT INTO Roles (role_name) VALUES ('Developer');
INSERT INTO Roles (role_name) VALUES ('Customer');
INSERT INTO Roles (role_name) VALUES ('Support');
INSERT INTO Roles (role_name) VALUES ('Manager');
INSERT INTO Roles (role_name) VALUES ('Marketing');
INSERT INTO Roles (role_name) VALUES ('Sales');
INSERT INTO Roles (role_name) VALUES ('Operations');

INSERT INTO Stores (store_name) VALUES ('Paws and Claws Pet Store');
INSERT INTO Stores (store_name) VALUES ('Furry Friends Emporium');
INSERT INTO Stores (store_name) VALUES ('Pet Palace');
INSERT INTO Stores (store_name) VALUES ('Critter Corner');
INSERT INTO Stores (store_name) VALUES ('Pampered Pets Boutique');
INSERT INTO Stores (store_name) VALUES ('Wagging Tails Pet Shop');
INSERT INTO Stores (store_name) VALUES ('The Animal House');
INSERT INTO Stores (store_name) VALUES ('Pet Paradise');
INSERT INTO Stores (store_name) VALUES ('Purrfectly Pawsome');
INSERT INTO Stores (store_name) VALUES ('Furry Frenzy');
INSERT INTO Stores (store_name) VALUES ('The Pawfect Place');
INSERT INTO Stores (store_name) VALUES ('Pet Haven');

INSERT INTO Address (street_address, zip_code, city, country) VALUES ('Storgatan 1', '111 29', 'Stockholm', 'Sweden');
INSERT INTO Address (street_address, zip_code, city, country) VALUES ('Kungsgatan 12', '411 19', 'Gothenburg', 'Sweden');
INSERT INTO Address (street_address, zip_code, city, country) VALUES ('Drottninggatan 24', '753 10', 'Uppsala', 'Sweden');
INSERT INTO Address (street_address, zip_code, city, country) VALUES ('Södra Förstadsgatan 17', '214 20', 'Malmö', 'Sweden');
INSERT INTO Address (street_address, zip_code, city, country) VALUES ('Götgatan 1', '116 20', 'Stockholm', 'Sweden');
INSERT INTO Address (street_address, zip_code, city, country) VALUES ('Sveavägen 1', '111 20', 'Stockholm', 'Sweden');
INSERT INTO Address (street_address, zip_code, city, country) VALUES ('Kungsportsavenyn 1', '411 36', 'Gothenburg', 'Sweden');
INSERT INTO Address (street_address, zip_code, city, country) VALUES ('Stora Nygatan 1', '403 11', 'Gothenburg', 'Sweden');
INSERT INTO Address (street_address, zip_code, city, country) VALUES ('Rådhuspladsen 1', '0151', 'Oslo', 'Norway');
INSERT INTO Address (street_address, zip_code, city, country) VALUES ('Karl Johans gate 1', '0154', 'Oslo', 'Norway');
INSERT INTO Address (street_address, zip_code, city, country) VALUES ('Kirkegata 34', '0153', 'Oslo', 'Norway');
INSERT INTO Address (street_address, zip_code, city, country) VALUES ('Karl Johans gate 22', '0159', 'Oslo', 'Norway');
INSERT INTO Address (street_address, zip_code, city, country) VALUES ('Stranden 1', '0250', 'Oslo', 'Norway');
INSERT INTO Address (street_address, zip_code, city, country) VALUES ('Kongens gate 11', '0153', 'Oslo', 'Norway');
INSERT INTO Address (street_address, zip_code, city, country) VALUES ('Torggata 16', '0181', 'Oslo', 'Norway');
INSERT INTO Address (street_address, zip_code, city, country) VALUES ('Västra Hamngatan 1', '411 17', 'Gothenburg', 'Sweden');
INSERT INTO Address (street_address, zip_code, city, country) VALUES ('Östra Hamngatan 1', '411 10', 'Gothenburg', 'Sweden');
INSERT INTO Address (street_address, zip_code, city, country) VALUES ('Södra Vägen 1', '412 54', 'Gothenburg', 'Sweden');
INSERT INTO Address (street_address, zip_code, city, country) VALUES ('Kyrkogatan 2', '411 15', 'Gothenburg', 'Sweden');
INSERT INTO Address (street_address, zip_code, city, country) VALUES ('Övre Slottsgatan 1', '753 10', 'Uppsala', 'Sweden');
INSERT INTO Address (street_address, zip_code, city, country) VALUES ('Vasagatan 1', '111 20', 'Stockholm', 'Sweden');
INSERT INTO Address (street_address, zip_code, city, country) VALUES ('Sergels torg 1', '111 57', 'Stockholm', 'Sweden');
INSERT INTO Address (street_address, zip_code, city, country) VALUES ('Stureplan 1', '114 46', 'Stockholm', 'Sweden');
INSERT INTO Address (street_address, zip_code, city, country) VALUES ('Drottninggatan 88', '111 36', 'Stockholm', 'Sweden');
INSERT INTO Address (street_address, zip_code, city, country) VALUES ('Västergatan 1', '211 21', 'Malmö', 'Sweden');
INSERT INTO Address (street_address, zip_code, city, country) VALUES ('Kärntorget 1', '411 05', 'Gothenburg', 'Sweden');
INSERT INTO Address (street_address, zip_code, city, country) VALUES ('Berzelii Park 1', '114 34', 'Stockholm', 'Sweden');
INSERT INTO Address (street_address, zip_code, city, country) VALUES ('Dronningens gate 15', '0152', 'Oslo', 'Norway');
INSERT INTO Address (street_address, zip_code, city, country) VALUES ('Grensen 5', '0159', 'Oslo', 'Norway');
INSERT INTO Address (street_address, zip_code, city, country) VALUES ('Torgallmenningen 14', '5014', 'Bergen', 'Norway');
INSERT INTO Address (street_address, zip_code, city, country) VALUES ('Sankt Eriksgatan 1', '113 20', 'Stockholm', 'Sweden');
INSERT INTO Address (street_address, zip_code, city, country) VALUES ('Södra Förstadsgatan 21', '214 21', 'Malmö', 'Sweden');
INSERT INTO Address (street_address, zip_code, city, country) VALUES ('Dronningens gate 23', '0154', 'Oslo', 'Norway');
INSERT INTO Address (street_address, zip_code, city, country) VALUES ('Ullevålsveien 51', '0171', 'Oslo', 'Norway');
INSERT INTO Address (street_address, zip_code, city, country) VALUES ('Drottninggatan 71', '111 36', 'Stockholm', 'Sweden');
INSERT INTO Address (street_address, zip_code, city, country) VALUES ('Kungsgatan 57', '111 22', 'Stockholm', 'Sweden');
INSERT INTO Address (street_address, zip_code, city, country) VALUES ('Odenplan 1', '113 59', 'Stockholm', 'Sweden');
INSERT INTO Address (street_address, zip_code, city, country) VALUES ('Sveavägen 44', '111 34', 'Stockholm', 'Sweden');
INSERT INTO Address (street_address, zip_code, city, country) VALUES ('Gamla Brogatan 23', '111 20', 'Stockholm', 'Sweden');
INSERT INTO Address (street_address, zip_code, city, country) VALUES ('Vasagatan 1', '111 20', 'Stockholm', 'Sweden');
INSERT INTO Address (street_address, zip_code, city, country) VALUES ('Regeringsgatan 44', '111 56', 'Stockholm', 'Sweden');
INSERT INTO Address (street_address, zip_code, city, country) VALUES ('Götgatan 78', '118 30', 'Stockholm', 'Sweden');
INSERT INTO Address (street_address, zip_code, city, country) VALUES ('Ringvägen 61', '118 60', 'Stockholm', 'Sweden');
INSERT INTO Address (street_address, zip_code, city, country) VALUES ('Fleminggatan 7', '112 26', 'Stockholm', 'Sweden');
INSERT INTO Address (street_address, zip_code, city, country) VALUES ('Stora Nygatan 41', '111 27', 'Stockholm', 'Sweden');
INSERT INTO Address (street_address, zip_code, city, country) VALUES ('Drottninggatan 82', '111 60', 'Stockholm', 'Sweden');
INSERT INTO Address (street_address, zip_code, city, country) VALUES ('Södermannagatan 23', '116 40', 'Stockholm', 'Sweden');
INSERT INTO Address (street_address, zip_code, city, country) VALUES ('Västerlånggatan 51', '111 29', 'Stockholm', 'Sweden');
INSERT INTO Address (street_address, zip_code, city, country) VALUES ('Karlavägen 40', '114 49', 'Stockholm', 'Sweden');
INSERT INTO Address (street_address, zip_code, city, country) VALUES ('Rådmansgatan 46', '113 57', 'Stockholm', 'Sweden');
INSERT INTO Address (street_address, zip_code, city, country) VALUES ('Kungsbron 1', '111 22', 'Stockholm', 'Sweden');
INSERT INTO Address (street_address, zip_code, city, country) VALUES ('Sturegatan 16', '114 36', 'Stockholm', 'Sweden');
INSERT INTO Address (street_address, zip_code, city, country) VALUES ('Karlbergsvägen 2D', '113 27', 'Stockholm', 'Sweden');
INSERT INTO Address (street_address, zip_code, city, country) VALUES ('Västra Hamngatan 1', '411 17', 'Gothenburg', 'Sweden');
INSERT INTO Address (street_address, zip_code, city, country) VALUES ('Karl Johans gate 5', '0154', 'Oslo', 'Norway');
INSERT INTO Address (street_address, zip_code, city, country) VALUES ('Akersgata 55', '0180', 'Oslo', 'Norway');
INSERT INTO Address (street_address, zip_code, city, country) VALUES ('Dronning Eufemias gate 16', '0191', 'Oslo', 'Norway');
INSERT INTO Address (street_address, zip_code, city, country) VALUES ('Stranden 3', '0250', 'Oslo', 'Norway');
INSERT INTO Address (street_address, zip_code, city, country) VALUES ('Stortingsgata 10', '0161', 'Oslo', 'Norway');
INSERT INTO Address (street_address, zip_code, city, country) VALUES ('Kjøpmannsgata 16', '7013', 'Trondheim', 'Norway');
INSERT INTO Address (street_address, zip_code, city, country) VALUES ('Nedre Bakklandet 58', '7014', 'Trondheim', 'Norway');
INSERT INTO Address (street_address, zip_code, city, country) VALUES ('Kongens gate 15', '0153', 'Oslo', 'Norway');
INSERT INTO Address (street_address, zip_code, city, country) VALUES ('Bryggen', '5003', 'Bergen', 'Norway');
INSERT INTO Address (street_address, zip_code, city, country) VALUES ('Nordre gate 11', '7010', 'Trondheim', 'Norway');
INSERT INTO Address (street_address, zip_code, city, country) VALUES ('Hantverkargatan 3', '112 21', 'Stockholm', 'Sweden');
INSERT INTO Address (street_address, zip_code, city, country) VALUES ('Sankt Paulsgatan 22', '118 48', 'Stockholm', 'Sweden');
INSERT INTO Address (street_address, zip_code, city, country) VALUES ('Rörstrandsgatan 11', '113 40', 'Stockholm', 'Sweden');
INSERT INTO Address (street_address, zip_code, city, country) VALUES ('Norrtullsgatan 8', '113 29', 'Stockholm', 'Sweden');
INSERT INTO Address (street_address, zip_code, city, country) VALUES ('Luntmakargatan 98', '113 51', 'Stockholm', 'Sweden');
INSERT INTO Address (street_address, zip_code, city, country) VALUES ('Lindhagensgatan 87', '112 18', 'Stockholm', 'Sweden');
INSERT INTO Address (street_address, zip_code, city, country) VALUES ('Alströmergatan 22', '112 47', 'Stockholm', 'Sweden');
INSERT INTO Address (street_address, zip_code, city, country) VALUES ('Östermalmstorg 1', '114 42', 'Stockholm', 'Sweden');
INSERT INTO Address (street_address, zip_code, city, country) VALUES ('Mäster Samuelsgatan 42', '111 57', 'Stockholm', 'Sweden');
INSERT INTO Address (street_address, zip_code, city, country) VALUES ('Katarinavägen 19', '116 45', 'Stockholm', 'Sweden');
INSERT INTO Address (street_address, zip_code, city, country) VALUES ('Vasagatan 1', '111 20', 'Stockholm', 'Sweden');
INSERT INTO Address (street_address, zip_code, city, country) VALUES ('Sveavägen 33', '111 34', 'Stockholm', 'Sweden');
INSERT INTO Address (street_address, zip_code, city, country) VALUES ('Hornsgatan 45', '118 49', 'Stockholm', 'Sweden');
INSERT INTO Address (street_address, zip_code, city, country) VALUES ('Rådmansgatan 40', '113 57', 'Stockholm', 'Sweden');
INSERT INTO Address (street_address, zip_code, city, country) VALUES ('Folkungagatan 46', '116 22', 'Stockholm', 'Sweden');
INSERT INTO Address (street_address, zip_code, city, country) VALUES ('Ringvägen 56', '118 61', 'Stockholm', 'Sweden');
INSERT INTO Address (street_address, zip_code, city, country) VALUES ('Luntmakargatan 64', '113 51', 'Stockholm', 'Sweden');
INSERT INTO Address (street_address, zip_code, city, country) VALUES ('Torggata 16', '0181', 'Oslo', 'Norway');
INSERT INTO Address (street_address, zip_code, city, country) VALUES ('Akersgata 59', '0180', 'Oslo', 'Norway');
INSERT INTO Address (street_address, zip_code, city, country) VALUES ('Storgata 36', '0184', 'Oslo', 'Norway');
INSERT INTO Address (street_address, zip_code, city, country) VALUES ('Olav Vs gate 6', '0161', 'Oslo', 'Norway');
INSERT INTO Address (street_address, zip_code, city, country) VALUES ('Vasavägen 53 ', '110 52', 'Stockholm', 'Sweden');

INSERT INTO Users (first_name, last_name, age, email, password, date_registered) VALUES ('Ella', 'Lindström', 32, 'ella.lindstrom@mail.com', 'Nl5#uB7$', '2022-01-03');
INSERT INTO Users (first_name, last_name, age, email, password, date_registered) VALUES ('Oliver', 'Smith', 23, 'oliver.smith@mail.com', 'gF9$kD4%', '2022-01-05');
INSERT INTO Users (first_name, last_name, age, email, password, date_registered) VALUES ('Klara', 'Bergqvist', 41, 'klara.bergqvist@mail.com', 'Pp6!aM9*', '2022-01-07');
INSERT INTO Users (first_name, last_name, age, email, password, date_registered) VALUES ('Liam', 'Johnson', 28, 'liam.johnson@mail.com', 'vB8$mF7#', '2022-01-10');
INSERT INTO Users (first_name, last_name, age, email, password, date_registered) VALUES ('Alice', 'Andersson', 35, 'alice.andersson@mail.com', 'jR3*tZ7$', '2022-01-12');
INSERT INTO Users (first_name, last_name, age, email, password, date_registered) VALUES ('William', 'Larsson', 46, 'william.larsson@mail.com', 'uE5%aV7#', '2022-01-15');
INSERT INTO Users (first_name, last_name, age, email, password, date_registered) VALUES ('Maja', 'Johansson', 29, 'maja.johansson@mail.com', 'qC7@rN3!', '2022-01-17');
INSERT INTO Users (first_name, last_name, age, email, password, date_registered) VALUES ('Noah', 'Karlsson', 24, 'noah.karlsson@mail.com', 'aD6$hG9^', '2022-01-20');
INSERT INTO Users (first_name, last_name, age, email, password, date_registered) VALUES ('Sara', 'Svensson', 30, 'sara.svensson@mail.com', 'wE4!pL8#', '2022-01-22');
INSERT INTO Users (first_name, last_name, age, email, password, date_registered) VALUES ('Erik', 'Nilsson', 39, 'erik.nilsson@mail.com', 'cF5*rT7!', '2022-01-25');
INSERT INTO Users (first_name, last_name, age, email, password, date_registered) VALUES ('Emma', 'Gustafsson', 31, 'emma.gustafsson@mail.com', 'qW9!pT6^', '2022-01-28');
INSERT INTO Users (first_name, last_name, age, email, password, date_registered) VALUES ('Alexander', 'Olofsson', 27, 'alexander.olofsson@mail.com', 'tH7$mF8*', '2022-02-01');
INSERT INTO Users (first_name, last_name, age, email, password, date_registered) VALUES ('Julia', 'Löfgren', 36, 'julia.lofgren@mail.com', 'eD3&pN7#', '2022-02-03');
INSERT INTO Users (first_name, last_name, age, email, password, date_registered) VALUES ('Viktor', 'Ekström', 26, 'viktor.ekstrom@mail.com', 'pR4!tZ6%', '2022-02-06');
INSERT INTO Users (first_name, last_name, age, email, password, date_registered) VALUES ('Hanna', 'Björklund', 33, 'hanna.bjorklund@mail.com', 'kE5&tN8^', '2022-02-09');
INSERT INTO Users (first_name, last_name, age, email, password, date_registered) VALUES ('Charlie', 'Sjöberg', 40, 'charlie.sjoberg@mail.com', 'xH4%mW8^', '2022-02-12');
INSERT INTO Users (first_name, last_name, age, email, password, date_registered) VALUES ('Amelia', 'Lundqvist', 22, 'amelia.lundqvist@mail.com', 'aG9$qD6^', '2022-02-15');
INSERT INTO Users (first_name, last_name, age, email, password, date_registered) VALUES ('Oscar', 'Sandberg', 31, 'oscar.sandberg@mail.com', 'eH8*rY6$', '2022-02-18');
INSERT INTO Users (first_name, last_name, age, email, password, date_registered) VALUES ('Sophia', 'Berglund', 28, 'sophia.berglund@mail.com', 'wU3$yH8%', '2022-02-21');
INSERT INTO Users (first_name, last_name, age, email, password, date_registered) VALUES ('Filip', 'Holm', 25, 'filip.holm@mail.com', 'qE9!pR7^', '2022-02-24');
INSERT INTO Users (first_name, last_name, age, email, password, date_registered) VALUES ('Elsa', 'Forsberg', 37, 'elsa.forsberg@mail.com', 'zC6&rT9$', '2022-02-27');
INSERT INTO Users (first_name, last_name, age, email, password, date_registered) VALUES ('Lucas', 'Eriksson', 42, 'lucas.eriksson@mail.com', 'sF7&tP5!', '2022-03-02');
INSERT INTO Users (first_name, last_name, age, email, password, date_registered) VALUES ('Isabella', 'Lindberg', 19, 'isabella.lindberg@mail.com', 'xG5!mW8$', '2022-03-05');
INSERT INTO Users (first_name, last_name, age, email, password, date_registered) VALUES ('Leo', 'Andersson', 32, 'leo.andersson@mail.com', 'pD7%kF6^', '2022-03-08');
INSERT INTO Users (first_name, last_name, age, email, password, date_registered) VALUES ('Astrid', 'Jönsson', 23, 'astrid.jonsson@mail.com', 'sT8$mG6#', '2022-03-11');
INSERT INTO Users (first_name, last_name, age, email, password, date_registered) VALUES ('Viggo', 'Karlsson', 26, 'viggo.karlsson@mail.com', 'cF9#sD7%', '2022-03-14');
INSERT INTO Users (first_name, last_name, age, email, password, date_registered) VALUES ('Alva', 'Gustavsson', 31, 'alva.gustavsson@mail.com', 'eK6@jS8%', '2022-03-17');
INSERT INTO Users (first_name, last_name, age, email, password, date_registered) VALUES ('Emil', 'Bengtsson', 29, 'emil.bengtsson@mail.com', 'zQ8&rW5^', '2022-03-20');
INSERT INTO Users (first_name, last_name, age, email, password, date_registered) VALUES ('Ellie', 'Söderberg', 24, 'ellie.soderberg@mail.com', 'jF9$pR6*', '2022-03-23');
INSERT INTO Users (first_name, last_name, age, email, password, date_registered) VALUES ('Max', 'Hansson', 37, 'max.hansson@mail.com', 'wU7#kN5$', '2022-03-26');
INSERT INTO Users (first_name, last_name, age, email, password, date_registered) VALUES ('Leah', 'Lundin', 27, 'leah.lundin@mail.com', 'dH5%mT8!', '2022-03-29');
INSERT INTO Users (first_name, last_name, age, email, password, date_registered) VALUES ('Theo', 'Engström', 33, 'theo.engstrom@mail.com', 'aP9$sD7%', '2022-04-01');
INSERT INTO Users (first_name, last_name, age, email, password, date_registered) VALUES ('Wilma', 'Eklund', 22, 'wilma.eklund@mail.com', 'tR5&pN9^', '2022-04-04');
INSERT INTO Users (first_name, last_name, age, email, password, date_registered) VALUES ('Ludvig', 'Lindqvist', 26, 'ludvig.lindqvist@mail.com', 'cD7!fT9#', '2022-04-07');
INSERT INTO Users (first_name, last_name, age, email, password, date_registered) VALUES ('Ebba', 'Berg', 38, 'ebba.berg@mail.com', 'jS8$pT6%', '2022-04-10');
INSERT INTO Users (first_name, last_name, age, email, password, date_registered) VALUES ('Gabriel', 'Lindholm', 30, 'gabriel.lindholm@mail.com', 'qZ5!tW8#', '2022-04-13');
INSERT INTO Users (first_name, last_name, age, email, password, date_registered) VALUES ('Elvira', 'Sundberg', 24, 'elvira.sundberg@mail.com', 'sT9$dF6!', '2022-04-16');
INSERT INTO Users (first_name, last_name, age, email, password, date_registered) VALUES ('Nils', 'Jonasson', 29, 'nils.jonasson@mail.com', 'fK6$qR7*', '2022-04-19');
INSERT INTO Users (first_name, last_name, age, email, password, date_registered) VALUES ('Alfred', 'Lönn', 35, 'alfred.lonn@mail.com', 'gH5!wE8%', '2022-04-22');
INSERT INTO Users (first_name, last_name, age, email, password, date_registered) VALUES ('Maja', 'Sjögren', 21, 'maja.sjogren@mail.com', 'yE8$tR7#', '2022-04-25');
INSERT INTO Users (first_name, last_name, age, email, password, date_registered) VALUES ('Anton', 'Månsson', 28, 'anton.mansson@mail.com', 'zQ9&fW5*', '2022-04-28');
INSERT INTO Users (first_name, last_name, age, email, password, date_registered) VALUES ('Saga', 'Nordström', 26, 'saga.nordstrom@mail.com', 'uG5#hJ8!', '2022-05-01');
INSERT INTO Users (first_name, last_name, age, email, password, date_registered) VALUES ('Oliver', 'Dahl', 34, 'oliver.dahl@mail.com', 'wR7$pT9^', '2022-05-04');
INSERT INTO Users (first_name, last_name, age, email, password, date_registered) VALUES ('Elin', 'Jakobsson', 23, 'elin.jakobsson@mail.com', 'aD6$tF8^', '2022-05-07');
INSERT INTO Users (first_name, last_name, age, email, password, date_registered) VALUES ('William', 'Söderström', 31, 'william.soderstrom@mail.com', 'cH5!rE7#', '2022-05-10');
INSERT INTO Users (first_name, last_name, age, email, password, date_registered) VALUES ('Alice', 'Johansson', 27, 'alice.johansson@mail.com', 'tK8$fG6^', '2022-05-13');
INSERT INTO Users (first_name, last_name, age, email, password, date_registered) VALUES ('Axel', 'Carlsson', 29, 'axel.carlsson@mail.com', 'eR9%hW5!', '2022-05-16');
INSERT INTO Users (first_name, last_name, age, email, password, date_registered) VALUES ('Evelina', 'Lilja', 25, 'evelina.lilja@mail.com', 'pS7&kD5!', '2022-05-19');
INSERT INTO Users (first_name, last_name, age, email, password, date_registered) VALUES ('Gustav', 'Lagergren', 33, 'gustav.lagergren@mail.com', 'yE5#tS7^', '2022-05-22');
INSERT INTO Users (first_name, last_name, age, email, password, date_registered) VALUES ('Julia', 'Björn', 24, 'julia.bjorn@mail.com', 'uR8$sT9#', '2022-05-25');
INSERT INTO Users (first_name, last_name, age, email, password, date_registered) VALUES ('Noah', 'Nygren', 28, 'noah.nygren@mail.com', 'iK7#rT9*', '2022-05-28');
INSERT INTO Users (first_name, last_name, age, email, password, date_registered) VALUES ('Nova', 'Eklöf', 20, 'nova.eklof@mail.com', 'wT6&fR7$', '2022-06-01');

INSERT INTO UserAddress (user_id, address_id) VALUES (1, 3);
INSERT INTO UserAddress (user_id, address_id) VALUES (3, 28);
INSERT INTO UserAddress (user_id, address_id) VALUES (4, 14);
INSERT INTO UserAddress (user_id, address_id) VALUES (4, 23);
INSERT INTO UserAddress (user_id, address_id) VALUES (5, 8);
INSERT INTO UserAddress (user_id, address_id) VALUES (6, 20);
INSERT INTO UserAddress (user_id, address_id) VALUES (6, 10);
INSERT INTO UserAddress (user_id, address_id) VALUES (7, 30);
INSERT INTO UserAddress (user_id, address_id) VALUES (7, 19);
INSERT INTO UserAddress (user_id, address_id) VALUES (8, 12);
INSERT INTO UserAddress (user_id, address_id) VALUES (9, 2);
INSERT INTO UserAddress (user_id, address_id) VALUES (9, 9);
INSERT INTO UserAddress (user_id, address_id) VALUES (10, 27);
INSERT INTO UserAddress (user_id, address_id) VALUES (11, 16);
INSERT INTO UserAddress (user_id, address_id) VALUES (11, 21);
INSERT INTO UserAddress (user_id, address_id) VALUES (12, 5);
INSERT INTO UserAddress (user_id, address_id) VALUES (12, 22);
INSERT INTO UserAddress (user_id, address_id) VALUES (13, 1);
INSERT INTO UserAddress (user_id, address_id) VALUES (14, 25);
INSERT INTO UserAddress (user_id, address_id) VALUES (14, 6);
INSERT INTO UserAddress (user_id, address_id) VALUES (15, 18);
INSERT INTO UserAddress (user_id, address_id) VALUES (16, 11);
INSERT INTO UserAddress (user_id, address_id) VALUES (16, 17);
INSERT INTO UserAddress (user_id, address_id) VALUES (17, 13);
INSERT INTO UserAddress (user_id, address_id) VALUES (18, 7);
INSERT INTO UserAddress (user_id, address_id) VALUES (18, 24);
INSERT INTO UserAddress (user_id, address_id) VALUES (19, 29);
INSERT INTO UserAddress (user_id, address_id) VALUES (19, 4);
INSERT INTO UserAddress (user_id, address_id) VALUES (20, 26);
INSERT INTO UserAddress (user_id, address_id) VALUES (21, 31);
INSERT INTO UserAddress (user_id, address_id) VALUES (21, 6);
INSERT INTO UserAddress (user_id, address_id) VALUES (22, 10);
INSERT INTO UserAddress (user_id, address_id) VALUES (22, 23);
INSERT INTO UserAddress (user_id, address_id) VALUES (23, 9);
INSERT INTO UserAddress (user_id, address_id) VALUES (24, 20);
INSERT INTO UserAddress (user_id, address_id) VALUES (24, 2);
INSERT INTO UserAddress (user_id, address_id) VALUES (25, 28);
INSERT INTO UserAddress (user_id, address_id) VALUES (26, 16);
INSERT INTO UserAddress (user_id, address_id) VALUES (26, 21);
INSERT INTO UserAddress (user_id, address_id) VALUES (27, 8);
INSERT INTO UserAddress (user_id, address_id) VALUES (28, 19);
INSERT INTO UserAddress (user_id, address_id) VALUES (28, 14);
INSERT INTO UserAddress (user_id, address_id) VALUES (29, 30);
INSERT INTO UserAddress (user_id, address_id) VALUES (30, 12);
INSERT INTO UserAddress (user_id, address_id) VALUES (30, 22);
INSERT INTO UserAddress (user_id, address_id) VALUES (31, 1);
INSERT INTO UserAddress (user_id, address_id) VALUES (32, 25);
INSERT INTO UserAddress (user_id, address_id) VALUES (32, 6);
INSERT INTO UserAddress (user_id, address_id) VALUES (33, 18);
INSERT INTO UserAddress (user_id, address_id) VALUES (34, 11);
INSERT INTO UserAddress (user_id, address_id) VALUES (34, 17);
INSERT INTO UserAddress (user_id, address_id) VALUES (35, 13);
INSERT INTO UserAddress (user_id, address_id) VALUES (36, 7);
INSERT INTO UserAddress (user_id, address_id) VALUES (36, 24);
INSERT INTO UserAddress (user_id, address_id) VALUES (37, 29);
INSERT INTO UserAddress (user_id, address_id) VALUES (37, 4);
INSERT INTO UserAddress (user_id, address_id) VALUES (38, 26);
INSERT INTO UserAddress (user_id, address_id) VALUES (39, 31);
INSERT INTO UserAddress (user_id, address_id) VALUES (39, 6);
INSERT INTO UserAddress (user_id, address_id) VALUES (40, 10);
INSERT INTO UserAddress (user_id, address_id) VALUES (41, 23);
INSERT INTO UserAddress (user_id, address_id) VALUES (42, 9);
INSERT INTO UserAddress (user_id, address_id) VALUES (42, 20);
INSERT INTO UserAddress (user_id, address_id) VALUES (43, 2);
INSERT INTO UserAddress (user_id, address_id) VALUES (44, 28);
INSERT INTO UserAddress (user_id, address_id) VALUES (44, 21);
INSERT INTO UserAddress (user_id, address_id) VALUES (45, 16);
INSERT INTO UserAddress (user_id, address_id) VALUES (46, 8);
INSERT INTO UserAddress (user_id, address_id) VALUES (46, 19);
INSERT INTO UserAddress (user_id, address_id) VALUES (47, 14);
INSERT INTO UserAddress (user_id, address_id) VALUES (48, 30);
INSERT INTO UserAddress (user_id, address_id) VALUES (48, 12);
INSERT INTO UserAddress (user_id, address_id) VALUES (49, 22);
INSERT INTO UserAddress (user_id, address_id) VALUES (50, 1);
INSERT INTO UserAddress (user_id, address_id) VALUES (50, 25);
INSERT INTO UserAddress (user_id, address_id) VALUES (51, 6);
INSERT INTO UserAddress (user_id, address_id) VALUES (52, 18);


INSERT INTO StoreAddress (store_id, address_id) VALUES
(1, 32),
(2, 33),
(3, 34),
(4, 35),
(5, 36),
(6, 37),
(7, 38),
(8, 39),
(9, 40),
(10, 41),
(11, 42),
(12, 43);


INSERT INTO InventoryList (store_id) VALUES 
    (1), (2), (2), (3), (3), 
    (3), (4), (5), (6), (7), 
    (8), (8), (8), (8), (9), 
    (10), (10), (11), (12), (12);

INSERT INTO Products (product_id, name, price, description) VALUES (1, 'Puppy Chow', 299.99, 'Premium dry dog food with real chicken and vegetables, specially formulated for puppies');
INSERT INTO Products (product_id, name, price, description) VALUES (2, 'Salmon Delight', 249.99, 'High-quality wet cat food made with real salmon and rice, rich in omega-3 fatty acids');
INSERT INTO Products (product_id, name, price, description) VALUES (3, 'Beefy Bones', 99.99, 'All-natural dog treats made with real beef and cheese, perfect for training or as a reward');
INSERT INTO Products (product_id, name, price, description) VALUES (4, 'Tuna Twists', 79.99, 'Delicious cat treats with tuna flavor, crunchy on the outside and soft on the inside');
INSERT INTO Products (product_id, name, price, description) VALUES (5, 'Lavender Relax', 149.99, 'Gentle dog shampoo with lavender and chamomile for a relaxing bath, suitable for all breeds');
INSERT INTO Products (product_id, name, price, description) VALUES (6, 'Oatmeal Soothe', 129.99, 'Mild cat shampoo with oatmeal and aloe vera for sensitive skin, hypoallergenic and fragrance-free');
INSERT INTO Products (product_id, name, price, description) VALUES (7, 'Grooming Combo', 89.99, 'Double-sided dog brush with soft bristles and pins for easy grooming, suitable for all coat types');
INSERT INTO Products (product_id, name, price, description) VALUES (8, 'Feline Finest', 169.99, 'Premium dry cat food with real chicken and fish, packed with essential nutrients and antioxidants');
INSERT INTO Products (product_id, name, price, description) VALUES (9, 'Doggy Delight', 179.99, 'High-quality wet dog food made with real beef and vegetables, free from artificial colors and flavors');
INSERT INTO Products (product_id, name, price, description) VALUES (10, 'Kitten Chow', 199.99, 'Premium dry kitten food with real chicken and rice, enriched with DHA for healthy brain development');
INSERT INTO Products (product_id, name, price, description) VALUES (11, 'Toy Mouse', 19.99, 'Cute and colorful toy mouse for cats, made from soft and durable materials');
INSERT INTO Products (product_id, name, price, description) VALUES (12, 'Squeaky Ball', 29.99, 'Fun and interactive squeaky ball for dogs, perfect for playing fetch and chewing');
INSERT INTO Products (product_id, name, price, description) VALUES (13, 'Chewy Bone', 39.99, 'Durable chewy bone for dogs, made from natural rubber and ideal for teething and dental hygiene');
INSERT INTO Products (product_id, name, price, description) VALUES (14, 'Scratching Post', 179.99, 'Sturdy and tall scratching post for cats, covered in sisal rope and perfect for stretching and scratching');
INSERT INTO Products (product_id, name, price, description) VALUES (15, 'Cozy Bed', 259.99, 'Soft and cozy bed for dogs and cats, made from plush materials and suitable for all seasons');
INSERT INTO Products (product_id, name, price, description) VALUES (16, 'Training Pads', 149.99, 'Absorbent and leak-proof training pads for puppies, with odor-neutralizing technology');
INSERT INTO Products (product_id, name, price, description) VALUES (17, 'Litter Box', 349.99, 'Spacious and easy-to-clean litter box for cats, with a removable hood and built-in filter');
INSERT INTO Products (product_id, name, price, description) VALUES (18, 'Gourmet Cat Food', 159.99, 'A premium cat food with real meat and no fillers.');
INSERT INTO Products (product_id, name, price, description) VALUES (19, 'Tennis Ball', 29.99, 'A classic toy for dogs, perfect for playing fetch.');
INSERT INTO Products (product_id, name, price, description) VALUES (20, 'Sisal Scratching Post', 349.99, 'A durable scratching post made with sisal rope, perfect for cats.');
INSERT INTO Products (product_id, name, price, description) VALUES (21, 'Dog Shampoo', 89.99, 'A gentle shampoo for dogs, perfect for keeping their coat clean and healthy.');
INSERT INTO Products (product_id, name, price, description) VALUES (22, 'Hamster Wheel', 69.99, 'A small exercise wheel for hamsters, perfect for keeping them active and healthy.');
INSERT INTO Products (product_id, name, price, description) VALUES (23, 'Catnip Toy', 49.99, 'A cat toy filled with catnip, perfect for keeping your cat entertained.');
INSERT INTO Products (product_id, name, price, description) VALUES (24, 'Fish Food', 29.99, 'A high-quality fish food with all the nutrients your fish need.');
INSERT INTO Products (product_id, name, price, description) VALUES (25, 'Bird Cage', 799.99, 'A spacious and sturdy bird cage, perfect for keeping your bird safe and comfortable.');
INSERT INTO Products (product_id, name, price, description) VALUES (26, 'Pet Carrier', 399.99, 'A sturdy and comfortable pet carrier, perfect for transporting your pet.');
INSERT INTO Products (product_id, name, price, description) VALUES (27, 'Training Pads', 99.99, 'A set of absorbent training pads for puppies, perfect for house training.');
INSERT INTO Products (product_id, name, price, description) VALUES (28, 'Fish Tank', 1499.99, 'A beautiful fish tank, perfect for creating a stunning aquatic display.');
INSERT INTO Products (product_id, name, price, description) VALUES (29, 'Kitten Food', 79.99, 'A high-quality kitten food with all the nutrients your kitten needs.');
INSERT INTO Products (product_id, name, price, description) VALUES (30, 'Squeaky Toy', 39.99, 'A fun and squeaky toy for dogs, perfect for playtime.');
INSERT INTO Products (product_id, name, price, description) VALUES (31, 'Small Animal Bedding', 79.99, 'Soft and absorbent bedding for small animals, perfect for keeping their cage clean and comfortable.');
INSERT INTO Products (product_id, name, price, description) VALUES (32, 'Dog Treats', 49.99, 'Delicious and nutritious treats for dogs, perfect for training and rewarding.');
INSERT INTO Products (product_id, name, price, description) VALUES (33, 'Bird Food', 29.99, 'A high-quality bird food with all the nutrients your bird needs.');
INSERT INTO Products (product_id, name, price, description) VALUES (34, 'Rabbit Hutch', 1499.99, 'A spacious and sturdy rabbit hutch, perfect for keeping your rabbit safe and comfortable.');
INSERT INTO Products (product_id, name, price, description) VALUES (35, 'Flea and Tick Shampoo', 99.99, 'A shampoo for dogs and cats, perfect for keeping them free from fleas and ticks.');
INSERT INTO Products (product_id, name, price, description) VALUES (36, 'Fish Tank Heater', 199.99, 'A reliable and adjustable heater for your fish tank, perfect for keeping your fish comfortable.');
INSERT INTO Products (product_id, name, price, description) VALUES (37, 'Puppy Food', 79.99, 'A high-quality puppy food with all the nutrients your puppy needs.');
INSERT INTO Products (product_id, name, price, description) VALUES (38, 'Husse Premium Salmon Dog Food', 129.00, 'High-quality dry food made with fresh salmon for adult dogs.');
INSERT INTO Products (product_id, name, price, description) VALUES (39, 'Royal Canin Medium Puppy Food', 289.00, 'Dry food specially formulated for medium breed puppies.');
INSERT INTO Products (product_id, name, price, description) VALUES (40, 'Felix Sensations Jellies Cat Food', 15.00, 'Wet cat food with a variety of flavours and textures to satisfy even the pickiest of eaters.');


INSERT INTO ProductInventory (quantity, inventory_id, product_id) VALUES (10, 1, 1);
INSERT INTO ProductInventory (quantity, inventory_id, product_id) VALUES (20, 1, 2);
INSERT INTO ProductInventory (quantity, inventory_id, product_id) VALUES (5, 1, 3);
INSERT INTO ProductInventory (quantity, inventory_id, product_id) VALUES (15, 2, 4);
INSERT INTO ProductInventory (quantity, inventory_id, product_id) VALUES (30, 2, 5);
INSERT INTO ProductInventory (quantity, inventory_id, product_id) VALUES (10, 2, 6);
INSERT INTO ProductInventory (quantity, inventory_id, product_id) VALUES (25, 3, 7);
INSERT INTO ProductInventory (quantity, inventory_id, product_id) VALUES (35, 3, 8);
INSERT INTO ProductInventory (quantity, inventory_id, product_id) VALUES (5, 3, 9);
INSERT INTO ProductInventory (quantity, inventory_id, product_id) VALUES (20, 4, 10);
INSERT INTO ProductInventory (quantity, inventory_id, product_id) VALUES (10, 4, 11);
INSERT INTO ProductInventory (quantity, inventory_id, product_id) VALUES (15, 4, 12);
INSERT INTO ProductInventory (quantity, inventory_id, product_id) VALUES (10, 5, 13);
INSERT INTO ProductInventory (quantity, inventory_id, product_id) VALUES (25, 5, 14);
INSERT INTO ProductInventory (quantity, inventory_id, product_id) VALUES (15, 5, 15);
INSERT INTO ProductInventory (quantity, inventory_id, product_id) VALUES (5, 6, 16);
INSERT INTO ProductInventory (quantity, inventory_id, product_id) VALUES (20, 6, 17);
INSERT INTO ProductInventory (quantity, inventory_id, product_id) VALUES (30, 6, 18);
INSERT INTO ProductInventory (quantity, inventory_id, product_id) VALUES (10, 7, 19);
INSERT INTO ProductInventory (quantity, inventory_id, product_id) VALUES (15, 7, 20);
INSERT INTO ProductInventory (quantity, inventory_id, product_id) VALUES (25, 7, 21);
INSERT INTO ProductInventory (quantity, inventory_id, product_id) VALUES (20, 8, 22);
INSERT INTO ProductInventory (quantity, inventory_id, product_id) VALUES (5, 8, 23);
INSERT INTO ProductInventory (quantity, inventory_id, product_id) VALUES (30, 8, 24);
INSERT INTO ProductInventory (quantity, inventory_id, product_id) VALUES (15, 9, 25);
INSERT INTO ProductInventory (quantity, inventory_id, product_id) VALUES (10, 9, 26);
INSERT INTO ProductInventory (quantity, inventory_id, product_id) VALUES (5, 9, 27);
INSERT INTO ProductInventory (quantity, inventory_id, product_id) VALUES (20, 10, 28);
INSERT INTO ProductInventory (quantity, inventory_id, product_id) VALUES (10, 10, 29);
INSERT INTO ProductInventory (quantity, inventory_id, product_id) VALUES (25, 10, 30);
INSERT INTO ProductInventory (quantity, inventory_id, product_id) VALUES (15, 11, 31);
INSERT INTO ProductInventory (quantity, inventory_id, product_id) VALUES (5, 11, 32);
INSERT INTO ProductInventory (quantity, inventory_id, product_id) VALUES (20, 11, 33);
INSERT INTO ProductInventory (quantity, inventory_id, product_id) VALUES (10, 1, 1);
INSERT INTO ProductInventory (quantity, inventory_id, product_id) VALUES (20, 1, 2);
INSERT INTO ProductInventory (quantity, inventory_id, product_id) VALUES (30, 1, 3);
INSERT INTO ProductInventory (quantity, inventory_id, product_id) VALUES (15, 2, 4);
INSERT INTO ProductInventory (quantity, inventory_id, product_id) VALUES (25, 2, 5);
INSERT INTO ProductInventory (quantity, inventory_id, product_id) VALUES (12, 2, 6);
INSERT INTO ProductInventory (quantity, inventory_id, product_id) VALUES (18, 3, 7);
INSERT INTO ProductInventory (quantity, inventory_id, product_id) VALUES (8, 3, 8);
INSERT INTO ProductInventory (quantity, inventory_id, product_id) VALUES (5, 3, 9);
INSERT INTO ProductInventory (quantity, inventory_id, product_id) VALUES (22, 4, 10);
INSERT INTO ProductInventory (quantity, inventory_id, product_id) VALUES (14, 4, 11);
INSERT INTO ProductInventory (quantity, inventory_id, product_id) VALUES (16, 4, 12);
INSERT INTO ProductInventory (quantity, inventory_id, product_id) VALUES (9, 5, 13);
INSERT INTO ProductInventory (quantity, inventory_id, product_id) VALUES (7, 5, 14);
INSERT INTO ProductInventory (quantity, inventory_id, product_id) VALUES (11, 5, 15);
INSERT INTO ProductInventory (quantity, inventory_id, product_id) VALUES (13, 6, 16);
INSERT INTO ProductInventory (quantity, inventory_id, product_id) VALUES (28, 6, 17);
INSERT INTO ProductInventory (quantity, inventory_id, product_id) VALUES (19, 6, 18);
INSERT INTO ProductInventory (quantity, inventory_id, product_id) VALUES (21, 7, 19);
INSERT INTO ProductInventory (quantity, inventory_id, product_id) VALUES (6, 7, 20);
INSERT INTO ProductInventory (quantity, inventory_id, product_id) VALUES (17, 7, 21);
INSERT INTO ProductInventory (quantity, inventory_id, product_id) VALUES (23, 8, 22);
INSERT INTO ProductInventory (quantity, inventory_id, product_id) VALUES (26, 8, 23);
INSERT INTO ProductInventory (quantity, inventory_id, product_id) VALUES (24, 8, 24);
INSERT INTO ProductInventory (quantity, inventory_id, product_id) VALUES (27, 9, 25);
INSERT INTO ProductInventory (quantity, inventory_id, product_id) VALUES (29, 9, 26);
INSERT INTO ProductInventory (quantity, inventory_id, product_id) VALUES (11, 9, 27);
INSERT INTO ProductInventory (quantity, inventory_id, product_id) VALUES (8, 10, 28);
INSERT INTO ProductInventory (quantity, inventory_id, product_id) VALUES (14, 10, 29);
INSERT INTO ProductInventory (quantity, inventory_id, product_id) VALUES (6, 10, 30);
INSERT INTO ProductInventory (quantity, inventory_id, product_id) VALUES (31, 11, 31);
INSERT INTO ProductInventory (quantity, inventory_id, product_id) VALUES (18, 11, 32);

INSERT INTO OrderStatus (status) VALUES ('submitted');
INSERT INTO OrderStatus (status) VALUES ('packing');
INSERT INTO OrderStatus (status) VALUES ('ready to ship');
INSERT INTO OrderStatus (status) VALUES ('shipped');
INSERT INTO OrderStatus (status) VALUES ('cancelled');

INSERT INTO Orders (user_id, total_amount, store_id, order_status, order_date) VALUES (10, 2500, 1, 1, '2022-04-01');
INSERT INTO Orders (user_id, total_amount, store_id, order_status, order_date) VALUES (20, 700, 2, 2, '2022-04-02');
INSERT INTO Orders (user_id, total_amount, store_id, order_status, order_date) VALUES (30, 100, 3, 3, '2022-04-03');
INSERT INTO Orders (user_id, total_amount, store_id, order_status, order_date) VALUES (40, 1500, 4, 4, '2022-04-04');
INSERT INTO Orders (user_id, total_amount, store_id, order_status, order_date) VALUES (50, 500, 5, 5, '2022-04-05');
INSERT INTO Orders (user_id, total_amount, store_id, order_status, order_date) VALUES (11, 350, 6, 1, '2022-04-06');
INSERT INTO Orders (user_id, total_amount, store_id, order_status, order_date) VALUES (21, 2000, 7, 2, '2022-04-07');
INSERT INTO Orders (user_id, total_amount, store_id, order_status, order_date) VALUES (31, 900, 8, 3, '2022-04-08');
INSERT INTO Orders (user_id, total_amount, store_id, order_status, order_date) VALUES (41, 1200, 9, 4, '2022-04-09');
INSERT INTO Orders (user_id, total_amount, store_id, order_status, order_date) VALUES (51, 300, 10, 5, '2022-04-10');
INSERT INTO Orders (user_id, total_amount, store_id, order_status, order_date) VALUES (12, 800, 11, 1, '2022-04-11');
INSERT INTO Orders (user_id, total_amount, store_id, order_status, order_date) VALUES (22, 400, 12, 2, '2022-04-12');
INSERT INTO Orders (user_id, total_amount, store_id, order_status, order_date) VALUES (32, 1100, 1, 3, '2022-04-13');
INSERT INTO Orders (user_id, total_amount, store_id, order_status, order_date) VALUES (42, 750, 2, 4, '2022-04-14');
INSERT INTO Orders (user_id, total_amount, store_id, order_status, order_date) VALUES (52, 1800, 3, 5, '2022-04-15');
INSERT INTO Orders (user_id, total_amount, store_id, order_status, order_date) VALUES (47, 300, 4, 1, '2022-04-16');
INSERT INTO Orders (user_id, total_amount, store_id, order_status, order_date) VALUES (23, 1000, 5, 2, '2022-04-17');
INSERT INTO Orders (user_id, total_amount, store_id, order_status, order_date) VALUES (33, 600, 6, 3, '2022-04-18');
INSERT INTO Orders (user_id, total_amount, store_id, order_status, order_date) VALUES (14, 1200, 7, 4, '2022-04-19');
INSERT INTO Orders (user_id, total_amount, store_id, order_status, order_date) VALUES (27, 900, 10, 5, '2022-04-20');
INSERT INTO Orders (user_id, total_amount, store_id, order_status, order_date) VALUES (38, 500, 2, 1, '2022-04-21');
INSERT INTO Orders (user_id, total_amount, store_id, order_status, order_date) VALUES (47, 800, 8, 2, '2022-04-22');
INSERT INTO Orders (user_id, total_amount, store_id, order_status, order_date) VALUES (16, 1500, 3, 3, '2022-04-23');
INSERT INTO Orders (user_id, total_amount, store_id, order_status, order_date) VALUES (24, 250, 11, 4, '2022-04-24');
INSERT INTO Orders (user_id, total_amount, store_id, order_status, order_date) VALUES (36, 400, 9, 5, '2022-04-25');
INSERT INTO Orders (user_id, total_amount, store_id, order_status, order_date) VALUES (45, 650, 5, 1, '2022-04-26');
INSERT INTO Orders (user_id, total_amount, store_id, order_status, order_date) VALUES (19, 3000, 6, 2, '2022-04-27');
INSERT INTO Orders (user_id, total_amount, store_id, order_status, order_date) VALUES (26, 800, 1, 3, '2022-04-28');
INSERT INTO Orders (user_id, total_amount, store_id, order_status, order_date) VALUES (35, 150, 4, 4, '2022-04-29');
INSERT INTO Orders (user_id, total_amount, store_id, order_status, order_date) VALUES (49, 450, 12, 5, '2022-04-30');
INSERT INTO Orders (user_id, total_amount, store_id, order_status, order_date) VALUES (15, 200, 2, 1, '2022-05-01');
INSERT INTO Orders (user_id, total_amount, store_id, order_status, order_date) VALUES (28, 1600, 8, 2, '2022-05-02');
INSERT INTO Orders (user_id, total_amount, store_id, order_status, order_date) VALUES (37, 700, 11, 3, '2022-05-03');
INSERT INTO Orders (user_id, total_amount, store_id, order_status, order_date) VALUES (47, 1000, 3, 4, '2022-05-04');
INSERT INTO Orders (user_id, total_amount, store_id, order_status, order_date) VALUES (18, 550, 9, 5, '2022-05-05');
INSERT INTO Orders (user_id, total_amount, store_id, order_status, order_date) VALUES (25, 850, 10, 1, '2022-05-06');
INSERT INTO Orders (user_id, total_amount, store_id, order_status, order_date) VALUES (25, 900, 7, 4, '2022-04-19');
INSERT INTO Orders (user_id, total_amount, store_id, order_status, order_date) VALUES (47, 1500, 8, 5, '2022-04-20');
INSERT INTO Orders (user_id, total_amount, store_id, order_status, order_date) VALUES (45, 200, 9, 1, '2022-04-21');
INSERT INTO Orders (user_id, total_amount, store_id, order_status, order_date) VALUES (16, 700, 11, 3, '2022-04-23');
INSERT INTO Orders (user_id, total_amount, store_id, order_status, order_date) VALUES (26, 1100, 12, 4, '2022-04-24');
INSERT INTO Orders (user_id, total_amount, store_id, order_status, order_date) VALUES (36, 400, 1, 5, '2022-04-25');
INSERT INTO Orders (user_id, total_amount, store_id, order_status, order_date) VALUES (46, 1200, 2, 1, '2022-04-26');
INSERT INTO Orders (user_id, total_amount, store_id, order_status, order_date) VALUES (17, 1800, 4, 3, '2022-04-28');
INSERT INTO Orders (user_id, total_amount, store_id, order_status, order_date) VALUES (27, 300, 5, 4, '2022-04-29');
INSERT INTO Orders (user_id, total_amount, store_id, order_status, order_date) VALUES (37, 800, 6, 5, '2022-04-30');
INSERT INTO Orders (user_id, total_amount, store_id, order_status, order_date) VALUES (47, 900, 7, 1, '2022-05-01');
INSERT INTO Orders (user_id, total_amount, store_id, order_status, order_date) VALUES (18, 2000, 9, 3, '2022-05-03');
INSERT INTO Orders (user_id, total_amount, store_id, order_status, order_date) VALUES (28, 600, 10, 4, '2022-05-04');
INSERT INTO Orders (user_id, total_amount, store_id, order_status, order_date) VALUES (38, 300, 11, 5, '2022-05-05');
INSERT INTO Orders (user_id, total_amount, store_id, order_status, order_date) VALUES (48, 500, 12, 1, '2022-05-06');
INSERT INTO Orders (user_id, total_amount, store_id, order_status, order_date) VALUES (14, 1200, 1, 2, '2022-05-07');
INSERT INTO Orders (user_id, total_amount, store_id, order_status, order_date) VALUES (26, 900, 2, 3, '2022-05-08');
INSERT INTO Orders (user_id, total_amount, store_id, order_status, order_date) VALUES (39, 600, 3, 4, '2022-05-09');
INSERT INTO Orders (user_id, total_amount, store_id, order_status, order_date) VALUES (49, 200, 4, 5, '2022-05-10');
INSERT INTO Orders (user_id, total_amount, store_id, order_status, order_date) VALUES (15, 1500, 5, 1, '2022-05-11');
INSERT INTO Orders (user_id, total_amount, store_id, order_status, order_date) VALUES (27, 300, 6, 2, '2022-05-12');
INSERT INTO Orders (user_id, total_amount, store_id, order_status, order_date) VALUES (36, 800, 7, 3, '2022-05-13');
INSERT INTO Orders (user_id, total_amount, store_id, order_status, order_date) VALUES (44, 400, 8, 4, '2022-05-14');
INSERT INTO Orders (user_id, total_amount, store_id, order_status, order_date) VALUES (16, 900, 9, 5, '2022-05-15');
INSERT INTO Orders (user_id, total_amount, store_id, order_status, order_date) VALUES (28, 1200, 10, 1, '2022-05-16');
INSERT INTO Orders (user_id, total_amount, store_id, order_status, order_date) VALUES (38, 700, 11, 2, '2022-05-17');
INSERT INTO Orders (user_id, total_amount, store_id, order_status, order_date) VALUES (48, 500, 12, 3, '2022-05-18');
INSERT INTO Orders (user_id, total_amount, store_id, order_status, order_date) VALUES (17, 1000, 1, 4, '2022-05-19');
INSERT INTO Orders (user_id, total_amount, store_id, order_status, order_date) VALUES (38, 550, 2, 5, '2022-05-20');
INSERT INTO Orders (user_id, total_amount, store_id, order_status, order_date) VALUES (35, 850, 3, 1, '2022-05-21');
INSERT INTO Orders (user_id, total_amount, store_id, order_status, order_date) VALUES (45, 600, 4, 2, '2022-05-22');
INSERT INTO Orders (user_id, total_amount, store_id, order_status, order_date) VALUES (38, 200, 5, 3, '2022-05-23');
INSERT INTO Orders (user_id, total_amount, store_id, order_status, order_date) VALUES (30, 1500, 6, 4, '2022-05-24');
INSERT INTO Orders (user_id, total_amount, store_id, order_status, order_date) VALUES (40, 300, 7, 5, '2022-05-25');
INSERT INTO Orders (user_id, total_amount, store_id, order_status, order_date) VALUES (25, 500, 3, 2, '2022-05-07');
INSERT INTO Orders (user_id, total_amount, store_id, order_status, order_date) VALUES (25, 800, 4, 3, '2022-05-08');
INSERT INTO Orders (user_id, total_amount, store_id, order_status, order_date) VALUES (25, 1200, 5, 4, '2022-05-09');
INSERT INTO Orders (user_id, total_amount, store_id, order_status, order_date) VALUES (25, 300, 6, 5, '2022-05-10');
INSERT INTO Orders (user_id, total_amount, store_id, order_status, order_date) VALUES (25, 900, 7, 1, '2022-05-11');

INSERT INTO Messages (sender_id, message_body, date_sent) VALUES (10, 'Hello, how are you?', '2022-05-01 10:30:00');
INSERT INTO Messages (sender_id, message_body, date_sent) VALUES (20, 'Hey there, what are you up to?', '2022-05-02 11:45:00');
INSERT INTO Messages (sender_id, message_body, date_sent) VALUES (30, 'Hope you are having a great day!', '2022-05-03 14:20:00');
INSERT INTO Messages (sender_id, message_body, date_sent) VALUES (40, 'Do you have any plans for the weekend?', '2022-05-04 16:10:00');
INSERT INTO Messages (sender_id, message_body, date_sent) VALUES (50, 'Long time no talk, how have you been?', '2022-05-05 18:00:00');
INSERT INTO Messages (sender_id, message_body, date_sent) VALUES (11, 'Can we catch up sometime soon?', '2022-05-06 12:15:00');
INSERT INTO Messages (sender_id, message_body, date_sent) VALUES (21, 'I have some exciting news to share with you!', '2022-05-07 13:20:00');
INSERT INTO Messages (sender_id, message_body, date_sent) VALUES (31, 'Let me know if you need any help with your project.', '2022-05-08 17:45:00');
INSERT INTO Messages (sender_id, message_body, date_sent) VALUES (41, 'I heard you got a new job, congratulations!', '2022-05-09 10:00:00');
INSERT INTO Messages (sender_id, message_body, date_sent) VALUES (51, 'Wishing you a happy birthday!', '2022-05-10 09:30:00');
INSERT INTO Messages (sender_id, message_body, date_sent) VALUES (12, 'I miss hanging out with you, let''s plan something soon!', '2022-05-11 14:00:00');
INSERT INTO Messages (sender_id, message_body, date_sent) VALUES (38, 'Have you watched the latest episode of that show?', '2022-05-12 21:15:00');
INSERT INTO Messages (sender_id, message_body, date_sent) VALUES (32, 'I am really looking forward to our trip next month!', '2022-05-13 16:30:00');
INSERT INTO Messages (sender_id, message_body, date_sent) VALUES (15, 'Thanks for your help yesterday, it meant a lot.', '2022-05-14 12:45:00');
INSERT INTO Messages (sender_id, message_body, date_sent) VALUES (52, 'Do you want to grab lunch sometime this week?', '2022-05-15 13:10:00');
INSERT INTO Messages (sender_id, message_body, date_sent) VALUES (13, 'I think we should have a team meeting to discuss our progress.', '2022-05-16 15:20:00');
INSERT INTO Messages (sender_id, message_body, date_sent) VALUES (23, 'What do you think of the new product design?', '2022-05-17 11:00:00');
INSERT INTO Messages (sender_id, message_body, date_sent) VALUES (33, 'Let''s plan a company outing next month!', '2022-05-18 10:30:00');
INSERT INTO Messages (sender_id, message_body, date_sent) VALUES (12, 'Hey everyone, just wanted to remind you about the meeting tomorrow at 10am.', '2022-05-16 08:30:00');
INSERT INTO Messages (sender_id, message_body, date_sent) VALUES (31, 'Good morning team, hope you all had a great weekend. Just wanted to check in and see if everyone is on track with their tasks for the week.', '2022-05-16 09:15:00');
INSERT INTO Messages (sender_id, message_body, date_sent) VALUES (47, 'Hey folks, I found this interesting article on the latest industry trends. Check it out!', '2022-05-16 11:45:00');
INSERT INTO Messages (sender_id, message_body, date_sent) VALUES (15, 'Hi all, just wanted to let you know that I will be out of the office for the rest of the day. Please reach out to John if you need any assistance.', '2022-05-17 13:20:00');
INSERT INTO Messages (sender_id, message_body, date_sent) VALUES (7, 'Attention everyone: We will be having a company-wide meeting next Monday at 9am. Mark your calendars!', '2022-05-18 10:00:00');
INSERT INTO Messages (sender_id, message_body, date_sent) VALUES (44, 'Hello team, just wanted to share some exciting news with you all. We have officially hit our sales target for the quarter!', '2022-05-18 15:30:00');
INSERT INTO Messages (sender_id, message_body, date_sent) VALUES (26, 'Hey guys, I came across this cool new app that could be useful for our work. Check it out!', '2022-05-19 09:45:00');
INSERT INTO Messages (sender_id, message_body, date_sent) VALUES (9, 'Good morning team, just a friendly reminder to submit your timesheets by the end of the day today.', '2022-05-20 08:00:00');
INSERT INTO Messages (sender_id, message_body, date_sent) VALUES (35, 'Hey everyone, we will be having a team-building activity next Friday at 2pm. Stay tuned for more details!', '2022-05-20 11:20:00');
INSERT INTO Messages (sender_id, message_body, date_sent) VALUES (51, 'Hi all, just wanted to wish everyone a happy Friday! Have a great weekend.', '2022-05-20 16:45:00');
INSERT INTO Messages (sender_id, message_body, date_sent) VALUES (15, 'Attention all employees: The office will be closed on Monday in observance of Memorial Day. Enjoy the long weekend!', '2022-05-23 12:00:00');
INSERT INTO Messages (sender_id, message_body, date_sent) VALUES (40, 'Good morning team, I wanted to let you all know that I will be working from home today. Please email me if you need anything.', '2022-05-24 09:30:00');
INSERT INTO Messages (sender_id, message_body, date_sent) VALUES (38, 'Hey guys, just wanted to say thank you for all your hard work on the latest project. We couldn''t have done it without you!', '2022-05-25 14:15:00');
INSERT INTO Messages (sender_id, message_body, date_sent) VALUES (30, 'Hey everyone, just wanted to remind you all about the meeting tomorrow at 10am in the conference room.', '2022-05-15 14:25:00');
INSERT INTO Messages (sender_id, message_body, date_sent) VALUES (45, 'Good morning team, hope everyone had a great weekend! Just a quick update on the project, we should be ready to launch by the end of the month.', '2022-05-16 09:15:00');
INSERT INTO Messages (sender_id, message_body, date_sent) VALUES (12, 'Hey guys, just wanted to check in and see how everyone is doing. Let me know if you need any help with your tasks!', '2022-05-17 11:30:00');
INSERT INTO Messages (sender_id, message_body, date_sent) VALUES (22, 'Reminder to everyone on the team, please make sure to submit your reports by the end of the day today.', '2022-05-18 15:00:00');
INSERT INTO Messages (sender_id, message_body, date_sent) VALUES (28, 'Hey team, just wanted to give a shoutout to John for all his hard work on the project. Keep it up!', '2022-05-19 12:45:00');
INSERT INTO Messages (sender_id, message_body, date_sent) VALUES (38, 'Good afternoon everyone, just a friendly reminder to complete the survey by the end of the week. Your feedback is valuable to us!', '2022-05-20 16:30:00');
INSERT INTO Messages (sender_id, message_body, date_sent) VALUES (15, 'Hey team, it looks like we have an issue with the latest update. Let''s schedule a meeting to discuss how we can resolve this.', '2022-05-21 10:00:00');
INSERT INTO Messages (sender_id, message_body, date_sent) VALUES (50, 'Just a heads up, I will be out of the office next week for vacation. Please let me know if there are any urgent matters that need to be addressed before then.', '2022-05-22 17:00:00');
INSERT INTO Messages (sender_id, message_body, date_sent) VALUES (22, 'Good morning team, hope everyone had a great weekend! Just a quick reminder that we have a client meeting this afternoon at 2pm.', '2022-05-23 09:00:00');
INSERT INTO Messages (sender_id, message_body, date_sent) VALUES (42, 'Hey everyone, just wanted to thank you for all your hard work on the project. Let''s keep up the momentum!', '2022-05-24 13:20:00');
INSERT INTO Messages (sender_id, message_body, date_sent) VALUES (27, 'Important update regarding the budget, please check your emails for more information.', '2022-05-25 10:15:00');
INSERT INTO Messages (sender_id, message_body, date_sent) VALUES (22, 'Hey team, just wanted to give a shoutout to Lisa for all her great ideas during our brainstorming session yesterday. Keep up the great work!', '2022-05-26 11:50:00');
INSERT INTO Messages (sender_id, message_body, date_sent) VALUES (24, 'Good afternoon everyone, just wanted to remind you that tomorrow is the deadline for submitting your project proposals.', '2022-05-27 14:45:00');

INSERT INTO MessageRecipientList (recipient_id, message_id) VALUES (11, 2);
INSERT INTO MessageRecipientList (recipient_id, message_id) VALUES (17, 2);
INSERT INTO MessageRecipientList (recipient_id, message_id) VALUES (24, 3);
INSERT INTO MessageRecipientList (recipient_id, message_id) VALUES (31, 3);
INSERT INTO MessageRecipientList (recipient_id, message_id) VALUES (38, 4);
INSERT INTO MessageRecipientList (recipient_id, message_id) VALUES (40, 4);
INSERT INTO MessageRecipientList (recipient_id, message_id) VALUES (44, 5);
INSERT INTO MessageRecipientList (recipient_id, message_id) VALUES (16, 6);
INSERT INTO MessageRecipientList (recipient_id, message_id) VALUES (18, 6);
INSERT INTO MessageRecipientList (recipient_id, message_id) VALUES (24, 7);
INSERT INTO MessageRecipientList (recipient_id, message_id) VALUES (32, 7);
INSERT INTO MessageRecipientList (recipient_id, message_id) VALUES (41, 8);
INSERT INTO MessageRecipientList (recipient_id, message_id) VALUES (44, 8);
INSERT INTO MessageRecipientList (recipient_id, message_id) VALUES (18, 9);
INSERT INTO MessageRecipientList (recipient_id, message_id) VALUES (19, 9);
INSERT INTO MessageRecipientList (recipient_id, message_id) VALUES (21, 10);
INSERT INTO MessageRecipientList (recipient_id, message_id) VALUES (28, 10);
INSERT INTO MessageRecipientList (recipient_id, message_id) VALUES (32, 11);
INSERT INTO MessageRecipientList (recipient_id, message_id) VALUES (2, 13);
INSERT INTO MessageRecipientList (recipient_id, message_id) VALUES (5, 13);
INSERT INTO MessageRecipientList (recipient_id, message_id) VALUES (7, 13);
INSERT INTO MessageRecipientList (recipient_id, message_id) VALUES (9, 13);
INSERT INTO MessageRecipientList (recipient_id, message_id) VALUES (16, 13);
INSERT INTO MessageRecipientList (recipient_id, message_id) VALUES (4, 14);
INSERT INTO MessageRecipientList (recipient_id, message_id) VALUES (8, 14);
INSERT INTO MessageRecipientList (recipient_id, message_id) VALUES (10, 14);
INSERT INTO MessageRecipientList (recipient_id, message_id) VALUES (15, 14);
INSERT INTO MessageRecipientList (recipient_id, message_id) VALUES (22, 14);
INSERT INTO MessageRecipientList (recipient_id, message_id) VALUES (3, 15);
INSERT INTO MessageRecipientList (recipient_id, message_id) VALUES (6, 15);
INSERT INTO MessageRecipientList (recipient_id, message_id) VALUES (11, 15);
INSERT INTO MessageRecipientList (recipient_id, message_id) VALUES (17, 15);
INSERT INTO MessageRecipientList (recipient_id, message_id) VALUES (19, 15);
INSERT INTO MessageRecipientList (recipient_id, message_id) VALUES (1, 16);
INSERT INTO MessageRecipientList (recipient_id, message_id) VALUES (12, 16);
INSERT INTO MessageRecipientList (recipient_id, message_id) VALUES (13, 16);
INSERT INTO MessageRecipientList (recipient_id, message_id) VALUES (18, 16);

INSERT INTO UserGroup (group_id, user_id) VALUES (1, 1), (1, 2), (1, 3), (1, 4), (1, 5);
INSERT INTO UserGroup (group_id, user_id) VALUES (2, 2), (2, 3), (2, 6), (2, 7), (2, 10);
INSERT INTO UserGroup (group_id, user_id) VALUES (3, 5), (3, 6), (3, 9), (3, 11), (3, 12);
INSERT INTO UserGroup (group_id, user_id) VALUES (4, 4), (4, 5), (4, 8), (4, 10), (4, 13);
INSERT INTO UserGroup (group_id, user_id) VALUES (5, 3), (5, 6), (5, 12), (5, 14), (5, 15);
INSERT INTO UserGroup (group_id, user_id) VALUES (6, 2), (6, 4), (6, 7), (6, 13), (6, 17);
INSERT INTO UserGroup (group_id, user_id) VALUES (7, 18), (7, 9), (7, 11), (7, 15), (7, 18);
INSERT INTO UserGroup (group_id, user_id) VALUES (8, 1), (8, 3), (8, 5), (8, 12), (8, 19);
INSERT INTO UserGroup (group_id, user_id) VALUES (9, 4), (9, 7), (9, 10), (9, 14), (9, 20);
INSERT INTO UserGroup (group_id, user_id) VALUES (10, 22), (10, 26), (10, 13), (10, 27), (10, 29), (10, 33), (10, 50);
INSERT INTO UserGroup (group_id, user_id) VALUES (11, 39), (11, 41), (11, 52);
INSERT INTO UserGroup (group_id, user_id) VALUES (12, 41), (12, 44), (12, 37), (12, 38);
INSERT INTO UserGroup (group_id, user_id) VALUES (13, 22), (13, 15), (13, 9);
INSERT INTO UserGroup (group_id, user_id) VALUES (14, 6), (14, 10), (14, 11), (14, 14), (14, 17);
INSERT INTO UserGroup (group_id, user_id) VALUES (15, 1), (15, 7), (15, 8), (15, 16), (15, 19);
INSERT INTO UserGroup (group_id, user_id) VALUES (16, 3), (16, 5), (16, 10), (16, 12), (16, 18);
INSERT INTO UserGroup (group_id, user_id) VALUES (17, 2), (17, 6), (17, 9), (17, 11), (17, 20);
INSERT INTO UserGroup (group_id, user_id) VALUES (18, 4), (18, 8), (18, 13), (18, 14), (18, 15);
INSERT INTO UserGroup (group_id, user_id) VALUES (19, 1), (19, 5), (19, 12), (19, 14), (19, 17);
INSERT INTO UserGroup (group_id, user_id) VALUES (20, 3), (20, 19);

INSERT INTO UserRolesList (role_id, user_id) VALUES (1, 1);
INSERT INTO UserRolesList (role_id, user_id) VALUES (2, 3), (2, 4);
INSERT INTO UserRolesList (role_id, user_id) VALUES (4, 10), (4, 11), (4, 16), (4, 20);
INSERT INTO UserRolesList (role_id, user_id) VALUES (5, 2), (5, 19);
INSERT INTO UserRolesList (role_id, user_id) VALUES (6, 2), (6, 5), (6, 7);
INSERT INTO UserRolesList (role_id, user_id) VALUES (7, 5), (7, 7), (7, 2);
INSERT INTO UserRolesList (role_id, user_id) VALUES (8, 3), (8, 22), (6, 13);
INSERT INTO UserRolesList (role_id, user_id) VALUES (3, 11), (3, 12), (3, 14), (3, 15), (3, 16), (3, 17), (3, 18), (3, 19), (3, 20), (3, 21);
INSERT INTO UserRolesList (role_id, user_id) VALUES (3, 22), (3, 23), (3, 24), (3, 25), (3, 26);
INSERT INTO UserRolesList (role_id, user_id) VALUES (3, 27), (3, 28), (3, 29), (3, 30), (3, 31);
INSERT INTO UserRolesList (role_id, user_id) VALUES (3, 32), (3, 33), (3, 34), (3, 35), (3, 36);
INSERT INTO UserRolesList (role_id, user_id) VALUES (3, 37), (3, 38), (3, 39), (3, 40), (3, 41);
INSERT INTO UserRolesList (role_id, user_id) VALUES (3, 42), (3, 43), (3, 44), (3, 45), (3, 46);
INSERT INTO UserRolesList (role_id, user_id) VALUES (3, 47), (3, 48), (3, 49), (3, 50), (3, 51), (3, 52);

INSERT INTO OrderItems (order_id, product_id) VALUES (1, 2), (1, 3), (1, 6);
INSERT INTO OrderItems (order_id, product_id) VALUES (2, 10), (2, 12);
INSERT INTO OrderItems (order_id, product_id) VALUES (3, 18), (3, 21), (3, 22), (3, 23);
INSERT INTO OrderItems (order_id, product_id) VALUES (4, 31), (4, 34);
INSERT INTO OrderItems (order_id, product_id) VALUES (6, 13), (6, 15), (6, 19), (6, 23);
INSERT INTO OrderItems (order_id, product_id) VALUES (7, 26), (7, 27);
INSERT INTO OrderItems (order_id, product_id) VALUES (8, 32), (8, 36), (8, 38);
INSERT INTO OrderItems (order_id, product_id) VALUES (10, 5), (10, 7), (10, 8);
INSERT INTO OrderItems (order_id, product_id) VALUES (11, 20), (11, 23), (11, 26);
INSERT INTO OrderItems (order_id, product_id) VALUES (12, 27), (12, 30), (12, 34), (12, 35);
INSERT INTO OrderItems (order_id, product_id) VALUES (14, 1), (14, 6), (14, 11);
INSERT INTO OrderItems (order_id, product_id) VALUES (15, 16), (15, 19), (15, 21), (15, 25), (15, 27);
INSERT INTO OrderItems (order_id, product_id) VALUES (16, 29), (16, 31), (16, 34), (16, 35);
INSERT INTO OrderItems (order_id, product_id) VALUES (19, 6), (19, 9), (19, 11), (19, 14), (19, 18);
INSERT INTO OrderItems (order_id, product_id) VALUES (20, 23), (20, 24), (20, 25), (20, 26), (20, 29);
INSERT INTO OrderItems (order_id, product_id) VALUES (21, 32), (21, 34), (21, 37), (21, 38);
INSERT INTO OrderItems (order_id, product_id) VALUES (23, 7), (23, 11), (23, 14), (23, 19);
INSERT INTO OrderItems (order_id, product_id) VALUES (24, 2), (24, 8), (24, 12), (24, 16), (24, 20);
INSERT INTO OrderItems (order_id, product_id) VALUES (25, 1), (25, 6), (25, 9), (25, 10);
INSERT INTO OrderItems (order_id, product_id) VALUES (26, 3), (26, 4), (26, 18);
INSERT INTO OrderItems (order_id, product_id) VALUES (27, 13), (27, 15), (27, 17);
INSERT INTO OrderItems (order_id, product_id) VALUES (28, 5), (28, 21), (28, 22), (28, 23), (28, 24), (28, 25);
INSERT INTO OrderItems (order_id, product_id) VALUES (29, 26), (29, 27), (29, 28), (29, 29), (29, 30), (29, 31), (29, 32), (29, 33), (29, 34);
INSERT INTO OrderItems (order_id, product_id) VALUES (32, 1), (32, 6), (32, 12), (32, 20);
INSERT INTO OrderItems (order_id, product_id) VALUES (33, 27), (33, 29), (33, 31), (33, 33), (33, 35), (33, 37);
INSERT INTO OrderItems (order_id, product_id) VALUES (35, 2), (35, 4), (35, 6), (35, 8), (35, 10);
INSERT INTO OrderItems (order_id, product_id) VALUES (36, 11), (36, 15), (36, 19);
INSERT INTO OrderItems (order_id, product_id) VALUES (37, 22), (37, 25), (37, 28), (37, 30);
INSERT INTO OrderItems (order_id, product_id) VALUES (38, 33), (38, 37), (38, 40);


INSERT INTO GroupPosts (post, recipient_group, date_sent) VALUES ('Just had a great meeting with the team! #teamwork #success', 15, '2022-03-24 14:30:00');
INSERT INTO GroupPosts (post, recipient_group, date_sent) VALUES ('Happy birthday to our team leader! 🎂🎉 #celebration #team', 10, '2022-02-15 10:00:00');
INSERT INTO GroupPosts (post, recipient_group, date_sent) VALUES ('Excited to announce our new product launch! #innovation #technology', 20, '2022-04-01 09:15:00');
INSERT INTO GroupPosts (post, recipient_group, date_sent) VALUES ('Feeling motivated after today''s brainstorming session! #creativity #ideas', 12, '2022-02-28 16:45:00');
INSERT INTO GroupPosts (post, recipient_group, date_sent) VALUES ('Our team just won the company''s award for best performance! #achievement #hardwork', 18, '2022-03-10 11:30:00');
INSERT INTO GroupPosts (post, recipient_group, date_sent) VALUES ('Happy Friday everyone! Enjoy your weekend! #TGIF #weekendvibes', 17, '2022-02-25 16:00:00');
INSERT INTO GroupPosts (post, recipient_group, date_sent) VALUES ('Thanks to our team members for their hard work on the new project! #appreciation #teamwork', 14, '2022-03-05 13:00:00');
INSERT INTO GroupPosts (post, recipient_group, date_sent) VALUES ('Our team just reached a major milestone on our project! #progress #success', 13, '2022-03-18 10:45:00');
INSERT INTO GroupPosts (post, recipient_group, date_sent) VALUES ('Congratulations to our team for winning the hackathon! #innovation #team', 11, '2022-02-20 17:30:00');
INSERT INTO GroupPosts (post, recipient_group, date_sent) VALUES ('Our team just completed a successful product launch! #achievement #success', 16, '2022-03-01 14:15:00');
INSERT INTO GroupPosts (post, recipient_group, date_sent) VALUES ('We love having our furry friends in the office! 🐶🐱 #petfriendly #officelife', 20, '2022-03-28 12:00:00');
INSERT INTO GroupPosts (post, recipient_group, date_sent) VALUES ('Our team is taking a break to cuddle with some adorable puppies! 🐾❤️ #doglovers #teamspirit', 15, '2022-02-18 14:30:00');
INSERT INTO GroupPosts (post, recipient_group, date_sent) VALUES ('Meet our newest team member, our office cat! 😻 #petsofinstagram #catlovers', 10, '2022-03-15 09:00:00');
INSERT INTO GroupPosts (post, recipient_group, date_sent) VALUES ('Our team bonding activity for the day: a trip to the local dog park! 🐶🌳 #teambuilding #doglovers', 18, '2022-03-12 11:00:00');
INSERT INTO GroupPosts (post, recipient_group, date_sent) VALUES ('Our pets make the best coworkers! 🐾❤️ #petfriendlyoffice #lovemyjob', 17, '2022-03-04 16:00:00');
INSERT INTO GroupPosts (post, recipient_group, date_sent) VALUES ('Our office now has a pet corner for our furry friends to hang out! 🐶🐱 #petsoffice #happypets', 14, '2022-03-08 13:00:00');
INSERT INTO GroupPosts (post, recipient_group, date_sent) VALUES ('Our team is taking a break to play with some adorable kittens! 🐾😻 #catlovers #teamspirit', 13, '2022-03-20 10:45:00');
INSERT INTO GroupPosts (post, recipient_group, date_sent) VALUES ('Our team member brought her dog to work today and everyone is loving it! 🐶❤️ #dogoffice #happypets', 11, '2022-02-23 17:30:00');
INSERT INTO GroupPosts (post, recipient_group, date_sent) VALUES ('We''re having a pet fashion show in the office today! 🐩👗 #petfashion #officelife', 16, '2022-03-02 14:15:00');
INSERT INTO GroupPosts (post, recipient_group, date_sent) VALUES ('Our team is celebrating National Love Your Pet Day by sharing photos of our furry friends! 📸🐾 #petlove #nationalloveyourpetday', 19, '2022-02-20 12:00:00');
INSERT INTO GroupPosts (post, recipient_group, date_sent) VALUES ('We''re having a "bring your pet to work" day tomorrow! 🐾🐶🐱 #petfriendlyoffice #officelife', 15, '2022-03-25 14:30:00');
INSERT INTO GroupPosts (post, recipient_group, date_sent) VALUES ('Our team member''s dog just learned a new trick and we''re all amazed! 🐶🎉 #smartdog #dogtricks', 10, '2022-02-15 11:00:00');
INSERT INTO GroupPosts (post, recipient_group, date_sent) VALUES ('Our team is taking a break to watch some cute pet videos! 🐾📺 #petvideos #cuteoverload', 20, '2022-04-01 10:00:00');
INSERT INTO GroupPosts (post, recipient_group, date_sent) VALUES ('Our office cat is helping us stay productive today by napping on our keyboards! 😸💤 #officecat #catnap', 12, '2022-03-01 16:45:00');
INSERT INTO GroupPosts (post, recipient_group, date_sent) VALUES ('Our team just set up a pet adoption event at the office! 🐾❤️ #petadoption #happypets', 18, '2022-03-10 12:30:00');
INSERT INTO GroupPosts (post, recipient_group, date_sent) VALUES ('Our team is taking a break to play with some cute puppies! 🐶🐾 #puppylove #teamspirit', 17, '2022-02-25 16:30:00');
INSERT INTO GroupPosts (post, recipient_group, date_sent) VALUES ('Thanks to our furry coworkers for always keeping our spirits up! 🐾❤️ #petfriendlyoffice #happycoworkers', 14, '2022-03-05 11:00:00');
INSERT INTO GroupPosts (post, recipient_group, date_sent) VALUES ('Our team is celebrating National Pet Day by sharing photos of our adorable pets! 📸🐾 #nationalpetday #petlove', 13, '2022-04-11 10:45:00');
INSERT INTO GroupPosts (post, recipient_group, date_sent) VALUES ('Our team is taking a break to play with some cute kittens! 🐱🐾 #kittenlove #teamspirit', 11, '2022-02-20 14:30:00');
INSERT INTO GroupPosts (post, recipient_group, date_sent) VALUES ('Our office now has a pet therapy program to help us destress! 🐾😌 #pettherapy #mentalhealth', 16, '2022-03-01 11:15:00');